"child_id","age","country"
0,2,"be"
1,4,"ne"
2,1,"ne"
3,5,"be"
4,2,"ne"
5,3,"ne"
6,4,"ne"
7,4,"ge"
8,3,"gb"
9,3,"be"
10,1,"ne"
11,1,"be"
12,5,"gb"
13,1,"be"
14,1,"be"
15,2,"ge"
16,4,"ge"
17,3,"gb"
18,3,"ge"
19,1,"gb"
20,1,"ne"
21,2,"gb"
22,3,"be"
23,5,"gb"
24,1,"ge"
25,3,"be"
26,2,"ge"
27,1,"gb"
28,3,"ne"
29,4,"ne"
30,2,"ge"
31,1,"gb"
32,1,"ge"
33,2,"ne"
34,5,"ne"
35,1,"ne"
36,5,"gb"
37,3,"gb"
38,1,"ge"
39,5,"gb"
40,5,"be"
41,3,"be"
42,1,"ge"
43,3,"ne"
44,1,"gb"
45,3,"ge"
46,3,"ne"
47,5,"ge"
48,2,"ge"
49,5,"gb"
50,2,"be"
51,3,"be"
52,3,"gb"
53,2,"ne"
54,3,"gb"
55,1,"ge"
56,3,"ne"
57,3,"ge"
58,4,"ne"
59,4,"ne"
60,2,"be"
61,3,"ge"
62,3,"be"
63,4,"gb"
64,1,"gb"
65,3,"ne"
66,5,"ne"
67,4,"ge"
68,5,"ne"
69,2,"ge"
70,5,"ge"
71,5,"ge"
72,2,"ne"
73,5,"ne"
74,2,"ge"
75,1,"gb"
76,3,"gb"
77,1,"ne"
78,5,"ne"
79,3,"be"
80,1,"gb"
81,4,"ge"
82,3,"gb"
83,5,"ge"
84,4,"be"
85,4,"ge"
86,5,"ge"
87,4,"ne"
88,3,"be"
89,1,"ge"
90,5,"gb"
91,3,"gb"
92,2,"ge"
93,1,"ge"
94,5,"be"
95,3,"be"
96,5,"ge"
97,3,"be"
98,2,"ge"
99,1,"be"
100,4,"ne"
101,3,"be"
102,5,"gb"
103,1,"gb"
104,2,"gb"
105,3,"ge"
106,4,"be"
107,1,"be"
108,3,"gb"
109,1,"ge"
110,3,"be"
111,5,"ge"
112,4,"be"
113,2,"ne"
114,4,"ne"
115,3,"gb"
116,4,"gb"
117,2,"ne"
118,2,"ge"
119,1,"be"
120,3,"ge"
121,4,"ge"
122,3,"ne"
123,5,"ge"
124,2,"be"
125,2,"be"
126,3,"ne"
127,2,"ne"
128,4,"be"
129,1,"gb"
130,4,"be"
131,5,"ge"
132,4,"gb"
133,4,"ge"
134,1,"ge"
135,2,"ne"
136,3,"gb"
137,3,"be"
138,2,"ne"
139,4,"gb"
140,1,"ge"
141,3,"ne"
142,4,"gb"
143,1,"ge"
144,3,"be"
145,3,"gb"
146,1,"be"
147,2,"gb"
148,1,"gb"
149,3,"ge"
150,5,"be"
151,1,"ge"
152,1,"gb"
153,4,"ne"
154,1,"ne"
155,1,"ge"
156,5,"ne"
157,4,"gb"
158,3,"ne"
159,4,"ne"
160,2,"ne"
161,1,"ge"
162,3,"ne"
163,3,"gb"
164,2,"ne"
165,2,"ne"
166,5,"ge"
167,5,"ne"
168,4,"ge"
169,1,"ge"
170,5,"gb"
171,3,"ne"
172,5,"be"
173,3,"ne"
174,3,"be"
175,5,"gb"
176,1,"gb"
177,2,"gb"
178,2,"ne"
179,1,"be"
180,1,"ne"
181,5,"ge"
182,3,"be"
183,1,"ge"
184,5,"ge"
185,2,"ne"
186,1,"gb"
187,4,"gb"
188,4,"gb"
189,3,"gb"
190,3,"ne"
191,2,"be"
192,3,"ge"
193,2,"gb"
194,3,"be"
195,3,"ne"
196,4,"ge"
197,5,"ne"
198,1,"ge"
199,4,"be"
200,2,"gb"
201,2,"gb"
202,1,"be"
203,4,"ne"
204,2,"ge"
205,2,"ne"
206,4,"be"
207,1,"ne"
208,4,"ge"
209,1,"gb"
210,2,"ge"
211,1,"be"
212,2,"gb"
213,4,"ne"
214,1,"ge"
215,5,"be"
216,2,"be"
217,4,"ge"
218,4,"ge"
219,4,"be"
220,4,"gb"
221,3,"ne"
222,2,"ne"
223,2,"ge"
224,1,"ne"
225,2,"ne"
226,3,"be"
227,1,"ge"
228,3,"ne"
229,3,"gb"
230,5,"ne"
231,5,"ge"
232,3,"be"
233,2,"ge"
234,3,"ge"
235,5,"ge"
236,5,"gb"
237,3,"gb"
238,3,"ge"
239,2,"be"
240,1,"gb"
241,1,"be"
242,3,"ge"
243,4,"ne"
244,1,"ne"
245,5,"be"
246,1,"ne"
247,5,"gb"
248,1,"ne"
249,3,"gb"
250,5,"ge"
251,3,"be"
252,2,"ne"
253,2,"ne"
254,2,"gb"
255,1,"be"
256,4,"gb"
257,2,"ne"
258,5,"ne"
259,1,"be"
260,1,"ge"
261,1,"ge"
262,1,"ne"
263,2,"ne"
264,1,"be"
265,1,"be"
266,2,"gb"
267,3,"be"
268,5,"gb"
269,4,"ne"
270,3,"be"
271,4,"gb"
272,2,"ge"
273,4,"ne"
274,3,"gb"
275,4,"gb"
276,3,"ne"
277,4,"ne"
278,3,"ge"
279,1,"gb"
280,5,"gb"
281,2,"gb"
282,2,"ne"
283,5,"gb"
284,3,"be"
285,5,"ge"
286,2,"be"
287,1,"be"
288,2,"be"
289,1,"be"
290,3,"gb"
291,2,"ne"
292,5,"ge"
293,3,"ge"
294,5,"gb"
295,2,"be"
296,4,"be"
297,5,"ge"
298,2,"gb"
299,4,"ge"
300,4,"be"
301,4,"ne"
302,2,"ge"
303,1,"ge"
304,1,"ne"
305,4,"ne"
306,2,"ne"
307,5,"gb"
308,4,"ge"
309,2,"be"
310,3,"gb"
311,3,"ge"
312,4,"ne"
313,1,"ne"
314,4,"gb"
315,4,"gb"
316,2,"ne"
317,4,"gb"
318,1,"gb"
319,4,"ge"
320,5,"be"
321,1,"gb"
322,5,"gb"
323,3,"ge"
324,1,"ne"
325,1,"ge"
326,4,"be"
327,2,"gb"
328,3,"be"
329,2,"gb"
330,5,"gb"
331,1,"ne"
332,4,"gb"
333,5,"be"
334,2,"gb"
335,1,"ge"
336,3,"be"
337,2,"gb"
338,2,"ne"
339,5,"ge"
340,3,"gb"
341,3,"be"
342,2,"ge"
343,1,"gb"
344,5,"ge"
345,2,"be"
346,5,"ne"
347,3,"ge"
348,3,"be"
349,4,"ne"
350,1,"be"
351,5,"ne"
352,4,"gb"
353,2,"gb"
354,1,"gb"
355,4,"ge"
356,2,"ge"
357,5,"be"
358,2,"ge"
359,4,"gb"
360,1,"gb"
361,3,"be"
362,5,"ge"
363,2,"gb"
364,1,"ge"
365,3,"ne"
366,3,"be"
367,2,"be"
368,4,"gb"
369,5,"be"
370,4,"gb"
371,2,"ge"
372,5,"be"
373,4,"be"
374,4,"gb"
375,2,"ne"
376,1,"ge"
377,1,"ge"
378,4,"gb"
379,2,"ge"
380,4,"ne"
381,5,"ne"
382,5,"gb"
383,4,"gb"
384,2,"ge"
385,5,"gb"
386,2,"gb"
387,1,"be"
388,1,"be"
389,2,"be"
390,4,"gb"
391,5,"gb"
392,1,"be"
393,5,"be"
394,2,"gb"
395,3,"be"
396,5,"gb"
397,5,"be"
398,3,"be"
399,3,"ge"
400,4,"ne"
401,4,"gb"
402,5,"gb"
403,1,"gb"
404,5,"ne"
405,3,"be"
406,1,"ge"
407,3,"ne"
408,5,"gb"
409,1,"gb"
410,1,"be"
411,3,"gb"
412,5,"be"
413,1,"ne"
414,4,"ge"
415,3,"ge"
416,3,"ge"
417,1,"be"
418,2,"gb"
419,1,"ne"
420,3,"ge"
421,4,"ne"
422,4,"ge"
423,2,"gb"
424,5,"ge"
425,5,"be"
426,5,"ne"
427,5,"be"
428,3,"ne"
429,4,"gb"
430,4,"ne"
431,2,"be"
432,4,"be"
433,3,"ne"
434,4,"gb"
435,2,"gb"
436,2,"gb"
437,1,"gb"
438,2,"be"
439,4,"be"
440,4,"ne"
441,2,"ge"
442,3,"ne"
443,5,"ge"
444,1,"be"
445,4,"ge"
446,4,"be"
447,5,"gb"
448,4,"be"
449,2,"ne"
450,3,"be"
451,4,"gb"
452,1,"ge"
453,2,"be"
454,3,"be"
455,4,"ne"
456,2,"gb"
457,4,"ne"
458,5,"gb"
459,1,"ge"
460,3,"ne"
461,3,"gb"
462,2,"ne"
463,2,"gb"
464,4,"gb"
465,1,"ne"
466,3,"be"
467,5,"be"
468,3,"ne"
469,4,"ge"
470,5,"ne"
471,1,"ne"
472,5,"ge"
473,2,"ge"
474,5,"ne"
475,3,"ge"
476,3,"gb"
477,2,"ge"
478,5,"gb"
479,5,"gb"
480,5,"gb"
481,1,"gb"
482,5,"gb"
483,5,"gb"
484,3,"ge"
485,5,"ne"
486,4,"ge"
487,4,"be"
488,1,"be"
489,4,"gb"
490,5,"be"
491,4,"ne"
492,1,"be"
493,5,"ge"
494,4,"ge"
495,4,"ge"
496,1,"gb"
497,5,"ge"
498,5,"ne"
499,4,"ge"
500,2,"be"
501,2,"ge"
502,1,"gb"
503,3,"ge"
504,5,"ne"
505,2,"be"
506,2,"ne"
507,4,"be"
508,1,"ge"
509,5,"be"
510,5,"be"
511,1,"gb"
512,4,"ge"
513,1,"be"
514,4,"ge"
515,1,"gb"
516,1,"ne"
517,1,"ne"
518,1,"be"
519,2,"ge"
520,2,"be"
521,4,"gb"
522,2,"be"
523,2,"ne"
524,3,"ne"
525,3,"be"
526,4,"ge"
527,1,"be"
528,2,"ne"
529,5,"gb"
530,5,"gb"
531,1,"be"
532,4,"gb"
533,1,"be"
534,5,"ne"
535,2,"ne"
536,5,"be"
537,5,"ge"
538,3,"gb"
539,1,"be"
540,1,"ge"
541,2,"be"
542,4,"gb"
543,5,"ne"
544,4,"ge"
545,3,"ge"
546,2,"be"
547,1,"gb"
548,3,"gb"
549,1,"be"
550,2,"ge"
551,4,"ge"
552,5,"be"
553,1,"gb"
554,5,"gb"
555,4,"be"
556,4,"be"
557,4,"ge"
558,2,"gb"
559,4,"ne"
560,3,"be"
561,4,"ne"
562,1,"gb"
563,3,"gb"
564,1,"gb"
565,5,"ne"
566,5,"gb"
567,4,"ge"
568,2,"ge"
569,2,"be"
570,3,"ge"
571,3,"ne"
572,5,"gb"
573,4,"ge"
574,1,"gb"
575,4,"gb"
576,1,"gb"
577,4,"gb"
578,2,"ge"
579,1,"ge"
580,4,"ge"
581,3,"be"
582,1,"ne"
583,2,"ge"
584,1,"ge"
585,3,"gb"
586,1,"gb"
587,4,"ne"
588,2,"ne"
589,4,"be"
590,1,"be"
591,4,"gb"
592,5,"ne"
593,1,"gb"
594,1,"be"
595,5,"ne"
596,2,"ne"
597,2,"gb"
598,5,"be"
599,5,"gb"
600,1,"gb"
601,3,"ne"
602,5,"gb"
603,1,"be"
604,4,"ge"
605,2,"ge"
606,4,"ne"
607,5,"be"
608,5,"be"
609,2,"gb"
610,2,"ge"
611,1,"gb"
612,2,"ge"
613,4,"ne"
614,3,"gb"
615,1,"gb"
616,3,"be"
617,3,"gb"
618,2,"ne"
619,2,"ne"
620,3,"ne"
621,2,"be"
622,4,"ne"
623,5,"gb"
624,1,"ge"
625,4,"gb"
626,3,"be"
627,4,"ne"
628,5,"gb"
629,3,"be"
630,2,"be"
631,3,"ne"
632,5,"gb"
633,2,"gb"
634,2,"be"
635,4,"ge"
636,4,"gb"
637,4,"be"
638,3,"ne"
639,2,"ge"
640,5,"ge"
641,1,"ne"
642,2,"gb"
643,3,"ge"
644,3,"ge"
645,2,"ge"
646,4,"be"
647,5,"be"
648,3,"ne"
649,1,"ge"
650,2,"ge"
651,4,"ne"
652,3,"gb"
653,3,"ge"
654,4,"gb"
655,2,"be"
656,5,"gb"
657,3,"be"
658,2,"ge"
659,5,"gb"
660,2,"be"
661,3,"be"
662,1,"ne"
663,1,"ge"
664,1,"gb"
665,5,"ge"
666,5,"be"
667,4,"be"
668,2,"gb"
669,3,"be"
670,2,"be"
671,1,"ge"
672,2,"ne"
673,5,"be"
674,5,"ge"
675,4,"ge"
676,1,"be"
677,4,"ge"
678,2,"ne"
679,5,"be"
680,4,"ne"
681,5,"ne"
682,5,"ne"
683,4,"ne"
684,1,"be"
685,5,"be"
686,2,"ne"
687,4,"be"
688,2,"be"
689,5,"ge"
690,3,"gb"
691,4,"gb"
692,3,"gb"
693,5,"gb"
694,5,"gb"
695,3,"ge"
696,2,"ge"
697,2,"gb"
698,3,"gb"
699,5,"ge"
700,5,"gb"
701,5,"be"
702,4,"gb"
703,3,"gb"
704,4,"ne"
705,4,"ge"
706,5,"be"
707,5,"be"
708,3,"ne"
709,1,"ne"
710,4,"gb"
711,2,"be"
712,2,"ge"
713,5,"be"
714,5,"ge"
715,4,"gb"
716,1,"ne"
717,2,"gb"
718,3,"ge"
719,4,"be"
720,4,"gb"
721,4,"gb"
722,1,"be"
723,5,"be"
724,2,"gb"
725,5,"be"
726,4,"ge"
727,3,"be"
728,5,"ge"
729,4,"ne"
730,4,"ge"
731,1,"ge"
732,2,"gb"
733,5,"ne"
734,5,"ne"
735,4,"ne"
736,3,"ne"
737,2,"ne"
738,5,"be"
739,1,"be"
740,1,"be"
741,4,"ge"
742,5,"ge"
743,3,"ge"
744,1,"gb"
745,1,"gb"
746,1,"be"
747,2,"be"
748,2,"ge"
749,1,"ne"
750,3,"ge"
751,2,"ge"
752,3,"be"
753,4,"ge"
754,1,"ge"
755,2,"be"
756,4,"be"
757,2,"ne"
758,4,"be"
759,4,"be"
760,1,"gb"
761,4,"gb"
762,3,"gb"
763,3,"ge"
764,4,"gb"
765,5,"be"
766,5,"gb"
767,2,"gb"
768,3,"be"
769,1,"ne"
770,1,"ne"
771,5,"ge"
772,5,"ne"
773,2,"ge"
774,4,"ge"
775,2,"gb"
776,5,"be"
777,3,"gb"
778,2,"be"
779,2,"gb"
780,5,"gb"
781,4,"gb"
782,1,"ne"
783,3,"ge"
784,5,"be"
785,3,"ne"
786,2,"gb"
787,1,"gb"
788,4,"be"
789,5,"gb"
790,3,"ge"
791,3,"ne"
792,4,"ge"
793,3,"be"
794,3,"gb"
795,1,"gb"
796,3,"gb"
797,1,"ge"
798,4,"ge"
799,1,"ge"
800,5,"ne"
801,1,"be"
802,4,"be"
803,3,"gb"
804,5,"ne"
805,3,"be"
806,1,"ge"
807,3,"be"
808,4,"ge"
809,3,"ne"
810,5,"be"
811,3,"ge"
812,4,"be"
813,3,"ge"
814,5,"be"
815,4,"ne"
816,1,"be"
817,1,"gb"
818,4,"ne"
819,2,"gb"
820,5,"gb"
821,1,"ge"
822,4,"be"
823,3,"gb"
824,3,"ne"
825,5,"ne"
826,4,"gb"
827,2,"ne"
828,4,"gb"
829,2,"ge"
830,5,"be"
831,4,"be"
832,5,"be"
833,5,"gb"
834,2,"gb"
835,5,"gb"
836,2,"ge"
837,1,"be"
838,4,"ne"
839,4,"gb"
840,1,"gb"
841,4,"ne"
842,2,"be"
843,2,"be"
844,2,"ne"
845,2,"gb"
846,4,"ge"
847,1,"ge"
848,3,"ge"
849,2,"be"
850,5,"ge"
851,4,"gb"
852,2,"ne"
853,4,"ge"
854,3,"be"
855,3,"gb"
856,3,"ne"
857,5,"ge"
858,4,"ge"
859,1,"gb"
860,1,"ge"
861,2,"ge"
862,1,"gb"
863,4,"ne"
864,4,"ne"
865,3,"ge"
866,3,"be"
867,1,"be"
868,4,"ne"
869,2,"gb"
870,2,"gb"
871,1,"be"
872,4,"ne"
873,5,"ne"
874,3,"be"
875,4,"be"
876,5,"ge"
877,4,"gb"
878,1,"be"
879,5,"gb"
880,1,"ge"
881,3,"be"
882,1,"ne"
883,4,"be"
884,5,"be"
885,3,"ne"
886,1,"be"
887,1,"ne"
888,2,"ne"
889,2,"gb"
890,2,"ne"
891,3,"ne"
892,3,"ge"
893,5,"gb"
894,4,"ne"
895,4,"ge"
896,5,"be"
897,5,"gb"
898,4,"gb"
899,2,"ge"
900,3,"ge"
901,4,"ge"
902,2,"be"
903,1,"ne"
904,4,"gb"
905,5,"gb"
906,3,"gb"
907,4,"ge"
908,3,"ge"
909,5,"ne"
910,4,"be"
911,4,"ge"
912,5,"ne"
913,4,"ne"
914,3,"gb"
915,2,"ne"
916,4,"ne"
917,3,"be"
918,5,"ne"
919,2,"ne"
920,5,"ge"
921,3,"be"
922,1,"gb"
923,5,"gb"
924,5,"be"
925,2,"ge"
926,4,"ne"
927,1,"ne"
928,5,"gb"
929,5,"ge"
930,5,"be"
931,3,"ge"
932,5,"ge"
933,3,"gb"
934,3,"ge"
935,5,"ge"
936,4,"be"
937,1,"be"
938,3,"gb"
939,1,"be"
940,3,"ge"
941,4,"ne"
942,4,"gb"
943,2,"gb"
944,1,"gb"
945,5,"ge"
946,3,"ne"
947,3,"gb"
948,1,"gb"
949,1,"be"
950,4,"ne"
951,4,"gb"
952,5,"ge"
953,2,"be"
954,3,"gb"
955,5,"be"
956,2,"be"
957,5,"ne"
958,2,"gb"
959,5,"ge"
960,1,"ge"
961,3,"gb"
962,4,"be"
963,4,"ge"
964,1,"ge"
965,1,"gb"
966,2,"be"
967,5,"be"
968,2,"gb"
969,3,"ge"
970,2,"ne"
971,3,"ge"
972,2,"be"
973,3,"ge"
974,5,"ne"
975,1,"ne"
976,2,"gb"
977,3,"gb"
978,2,"gb"
979,5,"ne"
980,3,"gb"
981,1,"ge"
982,3,"be"
983,2,"gb"
984,2,"ge"
985,4,"be"
986,1,"gb"
987,1,"gb"
988,3,"gb"
989,4,"be"
990,3,"ne"
991,2,"ne"
992,5,"ge"
993,3,"ge"
994,2,"ge"
995,3,"ne"
996,5,"be"
997,1,"be"
998,5,"gb"
999,3,"ne"
1000,3,"gb"
1001,4,"gb"
1002,3,"be"
1003,1,"gb"
1004,4,"gb"
1005,5,"ne"
1006,1,"be"
1007,2,"ge"
1008,5,"ge"
1009,2,"ne"
1010,3,"be"
1011,4,"gb"
1012,3,"ge"
1013,2,"be"
1014,5,"ge"
1015,3,"ne"
1016,5,"be"
1017,1,"ne"
1018,1,"be"
1019,3,"gb"
1020,5,"ne"
1021,1,"gb"
1022,3,"ne"
1023,2,"gb"
1024,2,"ne"
1025,2,"be"
1026,5,"ge"
1027,4,"gb"
1028,5,"gb"
1029,2,"ge"
1030,1,"be"
1031,2,"ne"
1032,3,"ge"
1033,4,"ge"
1034,3,"be"
1035,5,"ge"
1036,2,"ge"
1037,4,"ge"
1038,2,"ne"
1039,3,"gb"
1040,4,"be"
1041,3,"ne"
1042,1,"ge"
1043,4,"ne"
1044,4,"gb"
1045,4,"ne"
1046,3,"be"
1047,3,"ne"
1048,3,"ne"
1049,4,"ge"
1050,4,"be"
1051,4,"ne"
1052,4,"be"
1053,1,"ge"
1054,4,"ge"
1055,3,"be"
1056,5,"ne"
1057,5,"ne"
1058,4,"gb"
1059,4,"gb"
1060,4,"ne"
1061,5,"be"
1062,2,"gb"
1063,3,"be"
1064,1,"gb"
1065,4,"ne"
1066,2,"gb"
1067,3,"gb"
1068,3,"be"
1069,3,"gb"
1070,4,"be"
1071,4,"ne"
1072,4,"gb"
1073,4,"ne"
1074,3,"ne"
1075,5,"gb"
1076,3,"be"
1077,1,"ne"
1078,1,"gb"
1079,5,"ne"
1080,2,"ge"
1081,1,"ne"
1082,2,"ge"
1083,3,"gb"
1084,2,"ge"
1085,4,"be"
1086,4,"be"
1087,1,"be"
1088,1,"gb"
1089,1,"ne"
1090,3,"gb"
1091,4,"gb"
1092,1,"gb"
1093,2,"be"
1094,3,"ge"
1095,3,"gb"
1096,3,"ne"
1097,2,"ne"
1098,3,"be"
1099,3,"be"
1100,1,"ge"
1101,4,"gb"
1102,4,"ne"
1103,4,"ge"
1104,4,"ne"
1105,1,"ne"
1106,5,"ge"
1107,2,"ge"
1108,3,"ne"
1109,2,"ge"
1110,4,"ge"
1111,2,"be"
1112,5,"ne"
1113,1,"ne"
1114,4,"gb"
1115,5,"be"
1116,5,"ge"
1117,2,"ge"
1118,2,"ne"
1119,4,"gb"
1120,5,"gb"
1121,3,"be"
1122,2,"be"
1123,2,"ge"
1124,3,"gb"
1125,1,"gb"
1126,5,"be"
1127,5,"gb"
1128,4,"gb"
1129,4,"ge"
1130,5,"ge"
1131,1,"ge"
1132,5,"ne"
1133,3,"be"
1134,5,"gb"
1135,4,"be"
1136,2,"gb"
1137,3,"ne"
1138,4,"ne"
1139,4,"ne"
1140,3,"ge"
1141,1,"gb"
1142,1,"ge"
1143,5,"ge"
1144,1,"be"
1145,2,"be"
1146,3,"ge"
1147,1,"gb"
1148,1,"be"
1149,3,"ne"
1150,5,"ge"
1151,5,"gb"
1152,5,"ge"
1153,4,"ge"
1154,3,"gb"
1155,1,"gb"
1156,1,"be"
1157,5,"be"
1158,5,"be"
1159,3,"gb"
1160,1,"gb"
1161,1,"gb"
1162,2,"gb"
1163,2,"ge"
1164,1,"ge"
1165,3,"ne"
1166,2,"ge"
1167,2,"ne"
1168,1,"ge"
1169,2,"ge"
1170,5,"be"
1171,5,"gb"
1172,5,"be"
1173,5,"ge"
1174,4,"gb"
1175,2,"ne"
1176,4,"ne"
1177,2,"be"
1178,4,"ge"
1179,5,"be"
1180,4,"ge"
1181,2,"ge"
1182,1,"ne"
1183,3,"be"
1184,3,"gb"
1185,2,"ne"
1186,1,"ne"
1187,4,"ne"
1188,1,"ne"
1189,2,"gb"
1190,4,"gb"
1191,4,"ge"
1192,1,"gb"
1193,5,"be"
1194,4,"ne"
1195,4,"be"
1196,5,"gb"
1197,4,"ne"
1198,3,"ne"
1199,3,"ge"
1200,5,"ne"
1201,3,"gb"
1202,2,"ne"
1203,2,"gb"
1204,3,"be"
1205,1,"ne"
1206,3,"gb"
1207,4,"gb"
1208,4,"be"
1209,1,"ne"
1210,2,"gb"
1211,4,"be"
1212,1,"ne"
1213,4,"gb"
1214,4,"ge"
1215,1,"be"
1216,4,"ne"
1217,1,"gb"
1218,5,"ge"
1219,5,"gb"
1220,5,"ne"
1221,5,"gb"
1222,1,"be"
1223,2,"ge"
1224,5,"ne"
1225,1,"ne"
1226,1,"gb"
1227,2,"ge"
1228,4,"ge"
1229,2,"ge"
1230,2,"ne"
1231,5,"gb"
1232,4,"gb"
1233,3,"ge"
1234,1,"be"
1235,1,"be"
1236,5,"ge"
1237,4,"be"
1238,1,"be"
1239,2,"gb"
1240,1,"be"
1241,5,"be"
1242,5,"be"
1243,4,"be"
1244,2,"gb"
1245,3,"ne"
1246,4,"ge"
1247,5,"ne"
1248,5,"be"
1249,3,"gb"
1250,5,"gb"
1251,1,"ge"
1252,5,"ge"
1253,4,"gb"
1254,5,"ne"
1255,3,"gb"
1256,2,"ne"
1257,2,"be"
1258,1,"gb"
1259,3,"ge"
1260,1,"be"
1261,3,"gb"
1262,3,"ne"
1263,3,"ne"
1264,1,"ge"
1265,5,"gb"
1266,5,"gb"
1267,3,"be"
1268,3,"be"
1269,1,"gb"
1270,5,"gb"
1271,4,"gb"
1272,5,"ge"
1273,3,"ne"
1274,4,"ge"
1275,4,"gb"
1276,1,"ge"
1277,5,"be"
1278,1,"gb"
1279,4,"gb"
1280,2,"gb"
1281,5,"be"
1282,4,"ge"
1283,5,"gb"
1284,4,"ge"
1285,3,"ge"
1286,4,"ge"
1287,4,"ge"
1288,3,"gb"
1289,2,"ne"
1290,3,"be"
1291,4,"ne"
1292,4,"gb"
1293,2,"ge"
1294,1,"ne"
1295,5,"ge"
1296,2,"ge"
1297,4,"be"
1298,3,"ge"
1299,5,"gb"
1300,2,"ge"
1301,2,"be"
1302,2,"gb"
1303,4,"ne"
1304,1,"ne"
1305,2,"ne"
1306,1,"gb"
1307,1,"ne"
1308,1,"ge"
1309,2,"ge"
1310,1,"gb"
1311,5,"ne"
1312,3,"gb"
1313,4,"be"
1314,5,"gb"
1315,4,"ne"
1316,2,"be"
1317,1,"gb"
1318,5,"ne"
1319,3,"gb"
1320,4,"gb"
1321,2,"gb"
1322,3,"ge"
1323,3,"be"
1324,1,"ge"
1325,4,"ge"
1326,3,"ne"
1327,5,"be"
1328,2,"ge"
1329,2,"ne"
1330,2,"gb"
1331,3,"ge"
1332,4,"be"
1333,2,"gb"
1334,2,"ne"
1335,1,"be"
1336,3,"be"
1337,1,"ne"
1338,4,"gb"
1339,1,"be"
1340,1,"ne"
1341,3,"gb"
1342,2,"ne"
1343,4,"be"
1344,3,"ne"
1345,5,"ge"
1346,1,"ge"
1347,3,"ge"
1348,4,"gb"
1349,4,"ge"
1350,5,"be"
1351,1,"be"
1352,2,"gb"
1353,1,"gb"
1354,1,"ge"
1355,4,"be"
1356,2,"be"
1357,2,"ge"
1358,1,"gb"
1359,3,"gb"
1360,4,"ge"
1361,3,"ne"
1362,3,"be"
1363,1,"be"
1364,5,"be"
1365,2,"gb"
1366,1,"ge"
1367,4,"ne"
1368,1,"ne"
1369,5,"ge"
1370,3,"gb"
1371,3,"gb"
1372,5,"be"
1373,5,"be"
1374,1,"ne"
1375,1,"be"
1376,2,"ne"
1377,3,"ne"
1378,4,"ne"
1379,5,"ge"
1380,3,"gb"
1381,5,"ne"
1382,2,"ne"
1383,3,"gb"
1384,4,"be"
1385,2,"be"
1386,5,"be"
1387,3,"ne"
1388,1,"ne"
1389,4,"ge"
1390,5,"gb"
1391,3,"be"
1392,5,"be"
1393,2,"be"
1394,3,"gb"
1395,5,"be"
1396,2,"ge"
1397,5,"be"
1398,3,"ge"
1399,2,"ge"
1400,4,"ne"
1401,4,"gb"
1402,2,"ge"
1403,1,"gb"
1404,2,"gb"
1405,3,"ge"
1406,5,"gb"
1407,1,"ge"
1408,5,"gb"
1409,5,"be"
1410,1,"ne"
1411,4,"ne"
1412,4,"ge"
1413,3,"be"
1414,1,"be"
1415,3,"be"
1416,4,"gb"
1417,5,"be"
1418,1,"ge"
1419,1,"ne"
1420,4,"gb"
1421,2,"ge"
1422,4,"ne"
1423,4,"gb"
1424,2,"ge"
1425,2,"ge"
1426,3,"be"
1427,5,"be"
1428,3,"gb"
1429,3,"ne"
1430,3,"gb"
1431,4,"ge"
1432,1,"ne"
1433,1,"be"
1434,4,"ne"
1435,5,"be"
1436,5,"ge"
1437,5,"ne"
1438,4,"gb"
1439,2,"gb"
1440,1,"be"
1441,5,"be"
1442,2,"ge"
1443,3,"gb"
1444,5,"gb"
1445,4,"gb"
1446,3,"ne"
1447,2,"ne"
1448,3,"be"
1449,3,"be"
1450,5,"be"
1451,3,"ne"
1452,5,"ge"
1453,1,"ge"
1454,1,"be"
1455,3,"ge"
1456,3,"ge"
1457,2,"ne"
1458,5,"ge"
1459,2,"gb"
1460,1,"ge"
1461,2,"ne"
1462,5,"ge"
1463,5,"be"
1464,5,"gb"
1465,3,"gb"
1466,2,"ne"
1467,4,"ne"
1468,1,"ne"
1469,5,"be"
1470,3,"ne"
1471,4,"be"
1472,5,"ne"
1473,3,"gb"
1474,5,"gb"
1475,3,"be"
1476,1,"gb"
1477,4,"ge"
1478,4,"ne"
1479,5,"ge"
1480,4,"ge"
1481,2,"gb"
1482,1,"ne"
1483,3,"be"
1484,4,"ne"
1485,4,"ge"
1486,2,"ne"
1487,3,"ne"
1488,2,"ne"
1489,3,"be"
1490,1,"gb"
1491,3,"ge"
1492,4,"be"
1493,2,"be"
1494,1,"be"
1495,4,"gb"
1496,1,"ge"
1497,1,"ne"
1498,4,"gb"
1499,4,"be"
1500,4,"gb"
1501,5,"ne"
1502,5,"ne"
1503,5,"ne"
1504,4,"ne"
1505,5,"gb"
1506,2,"ne"
1507,1,"be"
1508,5,"ne"
1509,1,"gb"
1510,1,"ne"
1511,4,"ne"
1512,3,"ne"
1513,5,"gb"
1514,3,"be"
1515,4,"be"
1516,2,"ne"
1517,5,"ne"
1518,2,"ne"
1519,1,"ne"
1520,3,"ne"
1521,4,"be"
1522,2,"gb"
1523,4,"be"
1524,4,"ge"
1525,5,"gb"
1526,4,"gb"
1527,5,"be"
1528,4,"gb"
1529,3,"gb"
1530,1,"be"
1531,4,"ge"
1532,4,"be"
1533,1,"ne"
1534,2,"ne"
1535,4,"be"
1536,2,"be"
1537,3,"be"
1538,5,"gb"
1539,2,"ge"
1540,4,"ge"
1541,1,"be"
1542,3,"ge"
1543,1,"ne"
1544,1,"be"
1545,4,"be"
1546,2,"gb"
1547,3,"be"
1548,5,"ge"
1549,5,"ge"
1550,3,"ne"
1551,3,"ne"
1552,3,"ge"
1553,4,"ge"
1554,5,"gb"
1555,3,"gb"
1556,1,"ne"
1557,3,"ne"
1558,3,"ge"
1559,3,"gb"
1560,3,"ne"
1561,3,"gb"
1562,1,"ne"
1563,1,"gb"
1564,5,"be"
1565,3,"ge"
1566,2,"ge"
1567,5,"gb"
1568,3,"ge"
1569,3,"ge"
1570,2,"be"
1571,4,"gb"
1572,3,"gb"
1573,4,"ge"
1574,2,"be"
1575,2,"ge"
1576,2,"ge"
1577,4,"gb"
1578,3,"gb"
1579,5,"ge"
1580,5,"be"
1581,1,"ge"
1582,3,"gb"
1583,3,"be"
1584,4,"ne"
1585,5,"ne"
1586,3,"be"
1587,2,"ne"
1588,4,"be"
1589,3,"ge"
1590,3,"gb"
1591,3,"be"
1592,4,"be"
1593,3,"be"
1594,3,"be"
1595,4,"ge"
1596,1,"gb"
1597,3,"be"
1598,1,"be"
1599,1,"gb"
1600,2,"ge"
1601,5,"be"
1602,1,"ne"
1603,1,"ne"
1604,5,"ne"
1605,1,"gb"
1606,3,"ge"
1607,4,"ge"
1608,3,"ne"
1609,1,"ne"
1610,2,"ne"
1611,2,"ge"
1612,4,"gb"
1613,1,"ge"
1614,5,"ne"
1615,4,"ge"
1616,1,"ne"
1617,1,"ge"
1618,3,"gb"
1619,4,"gb"
1620,2,"ge"
1621,5,"gb"
1622,2,"be"
1623,5,"gb"
1624,4,"gb"
1625,4,"gb"
1626,1,"ge"
1627,4,"be"
1628,2,"ne"
1629,4,"ne"
1630,5,"gb"
1631,3,"gb"
1632,3,"gb"
1633,1,"be"
1634,3,"ne"
1635,5,"ge"
1636,2,"be"
1637,1,"be"
1638,1,"ne"
1639,2,"ne"
1640,3,"be"
1641,5,"ne"
1642,3,"be"
1643,5,"be"
1644,4,"gb"
1645,4,"be"
1646,5,"ge"
1647,2,"ne"
1648,3,"ge"
1649,5,"be"
1650,1,"ne"
1651,1,"be"
1652,1,"be"
1653,2,"ne"
1654,2,"ne"
1655,3,"gb"
1656,2,"ge"
1657,3,"gb"
1658,2,"ne"
1659,2,"ne"
1660,3,"gb"
1661,4,"ne"
1662,2,"ne"
1663,4,"gb"
1664,5,"gb"
1665,2,"gb"
1666,4,"gb"
1667,1,"ne"
1668,5,"be"
1669,1,"gb"
1670,2,"gb"
1671,4,"ne"
1672,2,"ge"
1673,5,"ne"
1674,2,"gb"
1675,2,"ge"
1676,4,"ne"
1677,2,"ge"
1678,5,"gb"
1679,3,"be"
1680,5,"ne"
1681,3,"ne"
1682,5,"ne"
1683,2,"ge"
1684,1,"be"
1685,3,"ge"
1686,1,"ge"
1687,1,"be"
1688,5,"ge"
1689,2,"ne"
1690,1,"gb"
1691,2,"gb"
1692,5,"gb"
1693,5,"be"
1694,3,"gb"
1695,1,"ge"
1696,1,"ge"
1697,2,"ne"
1698,1,"ge"
1699,4,"ge"
1700,3,"be"
1701,1,"gb"
1702,4,"ne"
1703,5,"be"
1704,1,"ge"
1705,3,"gb"
1706,2,"be"
1707,5,"ne"
1708,4,"be"
1709,3,"ge"
1710,3,"gb"
1711,2,"be"
1712,4,"be"
1713,1,"ge"
1714,2,"ge"
1715,2,"ge"
1716,4,"ne"
1717,2,"ge"
1718,5,"be"
1719,1,"ne"
1720,1,"be"
1721,4,"ne"
1722,2,"ge"
1723,4,"be"
1724,1,"gb"
1725,5,"ge"
1726,3,"ge"
1727,4,"ge"
1728,4,"ge"
1729,2,"ne"
1730,3,"ge"
1731,1,"gb"
1732,1,"ge"
1733,4,"gb"
1734,3,"be"
1735,3,"be"
1736,3,"gb"
1737,4,"ge"
1738,2,"ne"
1739,2,"gb"
1740,2,"ne"
1741,5,"ne"
1742,1,"gb"
1743,4,"ge"
1744,4,"ge"
1745,3,"gb"
1746,5,"gb"
1747,3,"gb"
1748,1,"ne"
1749,3,"ge"
1750,5,"gb"
1751,3,"ge"
1752,5,"ne"
1753,2,"ne"
1754,2,"ge"
1755,4,"ne"
1756,2,"gb"
1757,5,"ge"
1758,2,"be"
1759,4,"ne"
1760,4,"ne"
1761,3,"ne"
1762,3,"be"
1763,1,"be"
1764,5,"ge"
1765,2,"ge"
1766,3,"ne"
1767,3,"gb"
1768,2,"ge"
1769,1,"be"
1770,4,"be"
1771,4,"ne"
1772,5,"gb"
1773,4,"ne"
1774,1,"ge"
1775,2,"ne"
1776,3,"gb"
1777,3,"gb"
1778,3,"gb"
1779,2,"be"
1780,1,"ge"
1781,5,"ge"
1782,5,"gb"
1783,1,"ne"
1784,5,"ge"
1785,5,"ne"
1786,5,"gb"
1787,3,"ne"
1788,1,"be"
1789,4,"gb"
1790,2,"gb"
1791,1,"gb"
1792,1,"be"
1793,4,"gb"
1794,4,"be"
1795,4,"be"
1796,5,"be"
1797,1,"ne"
1798,5,"be"
1799,3,"ge"
1800,3,"ge"
1801,5,"be"
1802,1,"be"
1803,5,"ge"
1804,3,"gb"
1805,3,"ne"
1806,2,"ge"
1807,2,"be"
1808,5,"ge"
1809,5,"ge"
1810,1,"ge"
1811,4,"gb"
1812,1,"be"
1813,3,"gb"
1814,5,"ge"
1815,4,"gb"
1816,2,"ne"
1817,4,"gb"
1818,2,"ne"
1819,5,"ge"
1820,4,"ge"
1821,3,"ne"
1822,3,"gb"
1823,2,"ne"
1824,4,"ge"
1825,2,"ne"
1826,4,"be"
1827,3,"ne"
1828,2,"gb"
1829,5,"be"
1830,2,"be"
1831,1,"ne"
1832,4,"ge"
1833,5,"be"
1834,1,"gb"
1835,1,"ne"
1836,2,"gb"
1837,1,"ge"
1838,3,"gb"
1839,2,"be"
1840,1,"ge"
1841,5,"ge"
1842,4,"be"
1843,3,"ne"
1844,3,"ge"
1845,5,"ne"
1846,1,"gb"
1847,5,"ne"
1848,5,"be"
1849,3,"gb"
1850,3,"be"
1851,1,"ge"
1852,1,"ne"
1853,5,"gb"
1854,3,"ge"
1855,5,"be"
1856,1,"ge"
1857,2,"ge"
1858,4,"be"
1859,1,"be"
1860,1,"ge"
1861,1,"gb"
1862,5,"gb"
1863,4,"gb"
1864,1,"ne"
1865,5,"ge"
1866,4,"gb"
1867,2,"be"
1868,1,"gb"
1869,5,"gb"
1870,3,"ne"
1871,3,"gb"
1872,1,"gb"
1873,1,"ne"
1874,5,"ne"
1875,5,"ge"
1876,5,"ge"
1877,4,"ne"
1878,5,"ge"
1879,4,"ne"
1880,5,"ne"
1881,5,"ge"
1882,2,"gb"
1883,4,"be"
1884,2,"ge"
1885,5,"be"
1886,4,"be"
1887,3,"gb"
1888,5,"gb"
1889,1,"be"
1890,2,"gb"
1891,1,"ge"
1892,3,"ge"
1893,2,"ne"
1894,3,"ge"
1895,1,"gb"
1896,4,"ne"
1897,2,"gb"
1898,3,"be"
1899,4,"gb"
1900,3,"gb"
1901,4,"gb"
1902,5,"ge"
1903,3,"ge"
1904,4,"ne"
1905,2,"gb"
1906,4,"gb"
1907,1,"be"
1908,4,"ne"
1909,2,"ge"
1910,2,"ne"
1911,5,"ge"
1912,1,"ne"
1913,5,"ne"
1914,5,"ge"
1915,3,"gb"
1916,2,"be"
1917,3,"be"
1918,3,"ne"
1919,2,"gb"
1920,3,"gb"
1921,1,"gb"
1922,1,"ge"
1923,1,"gb"
1924,1,"ge"
1925,1,"gb"
1926,3,"ge"
1927,3,"be"
1928,3,"gb"
1929,5,"be"
1930,2,"be"
1931,4,"ge"
1932,1,"ne"
1933,1,"ge"
1934,3,"gb"
1935,4,"gb"
1936,2,"gb"
1937,2,"gb"
1938,3,"ne"
1939,3,"be"
1940,2,"ne"
1941,2,"ne"
1942,4,"be"
1943,5,"ge"
1944,2,"be"
1945,3,"be"
1946,5,"ne"
1947,3,"be"
1948,2,"be"
1949,1,"gb"
1950,3,"ge"
1951,2,"be"
1952,5,"be"
1953,3,"ge"
1954,5,"be"
1955,2,"gb"
1956,5,"be"
1957,1,"ge"
1958,2,"ne"
1959,4,"ge"
1960,1,"gb"
1961,2,"be"
1962,4,"ge"
1963,1,"gb"
1964,4,"gb"
1965,1,"be"
1966,5,"ge"
1967,2,"ne"
1968,1,"ge"
1969,5,"be"
1970,1,"be"
1971,4,"ge"
1972,5,"be"
1973,1,"gb"
1974,4,"be"
1975,2,"be"
1976,4,"gb"
1977,2,"be"
1978,5,"ge"
1979,4,"be"
1980,3,"be"
1981,5,"gb"
1982,2,"ge"
1983,3,"be"
1984,5,"be"
1985,3,"ne"
1986,5,"ne"
1987,1,"ne"
1988,3,"be"
1989,5,"be"
1990,5,"be"
1991,5,"ne"
1992,2,"gb"
1993,4,"gb"
1994,1,"ne"
1995,2,"be"
1996,1,"ne"
1997,3,"ge"
1998,4,"ge"
1999,2,"be"
2000,3,"ge"
2001,4,"be"
2002,5,"ne"
2003,3,"ne"
2004,4,"be"
2005,2,"ne"
2006,5,"gb"
2007,4,"be"
2008,5,"ge"
2009,5,"ge"
2010,2,"gb"
2011,3,"gb"
2012,4,"ne"
2013,3,"ge"
2014,5,"ne"
2015,5,"be"
2016,4,"ne"
2017,2,"ne"
2018,4,"ge"
2019,2,"ne"
2020,3,"ne"
2021,4,"ge"
2022,1,"ne"
2023,1,"gb"
2024,5,"ne"
2025,3,"be"
2026,2,"gb"
2027,4,"be"
2028,1,"ne"
2029,1,"ge"
2030,4,"gb"
2031,1,"gb"
2032,3,"be"
2033,3,"ne"
2034,2,"gb"
2035,2,"ne"
2036,4,"gb"
2037,5,"ge"
2038,4,"ge"
2039,1,"be"
2040,4,"be"
2041,3,"gb"
2042,3,"ge"
2043,5,"be"
2044,3,"be"
2045,1,"ne"
2046,3,"gb"
2047,4,"ge"
2048,4,"ne"
2049,1,"be"
2050,2,"be"
2051,2,"ge"
2052,4,"gb"
2053,3,"ge"
2054,2,"gb"
2055,5,"gb"
2056,5,"gb"
2057,3,"gb"
2058,3,"ne"
2059,3,"ne"
2060,4,"be"
2061,4,"ge"
2062,1,"ne"
2063,2,"ge"
2064,4,"ge"
2065,3,"gb"
2066,3,"ge"
2067,4,"ne"
2068,2,"ne"
2069,1,"gb"
2070,2,"ne"
2071,1,"ne"
2072,4,"be"
2073,1,"gb"
2074,5,"ge"
2075,4,"gb"
2076,3,"ge"
2077,1,"ge"
2078,2,"ge"
2079,4,"be"
2080,1,"be"
2081,2,"be"
2082,4,"ne"
2083,5,"ge"
2084,2,"ne"
2085,4,"ne"
2086,1,"ge"
2087,2,"gb"
2088,4,"gb"
2089,4,"ge"
2090,2,"gb"
2091,2,"gb"
2092,4,"gb"
2093,5,"be"
2094,5,"ge"
2095,3,"gb"
2096,4,"ne"
2097,2,"be"
2098,1,"gb"
2099,1,"be"
2100,3,"ne"
2101,4,"gb"
2102,5,"ne"
2103,2,"gb"
2104,5,"be"
2105,2,"ge"
2106,3,"gb"
2107,3,"ge"
2108,3,"gb"
2109,2,"be"
2110,5,"be"
2111,2,"gb"
2112,5,"gb"
2113,5,"ge"
2114,4,"gb"
2115,5,"be"
2116,3,"gb"
2117,2,"ne"
2118,4,"ge"
2119,1,"ge"
2120,5,"ne"
2121,5,"ne"
2122,3,"ne"
2123,1,"ne"
2124,4,"be"
2125,3,"ne"
2126,3,"gb"
2127,3,"ge"
2128,4,"ne"
2129,4,"be"
2130,2,"ne"
2131,3,"be"
2132,3,"be"
2133,5,"ne"
2134,5,"be"
2135,4,"gb"
2136,3,"be"
2137,4,"gb"
2138,4,"gb"
2139,3,"gb"
2140,4,"ne"
2141,4,"ne"
2142,2,"ge"
2143,1,"ge"
2144,2,"ne"
2145,5,"gb"
2146,1,"be"
2147,5,"gb"
2148,3,"gb"
2149,4,"ne"
2150,2,"ge"
2151,1,"be"
2152,5,"ge"
2153,5,"ne"
2154,4,"be"
2155,5,"ne"
2156,5,"ne"
2157,2,"ge"
2158,3,"ne"
2159,1,"gb"
2160,1,"be"
2161,3,"ne"
2162,1,"ne"
2163,3,"ne"
2164,4,"gb"
2165,3,"ge"
2166,3,"gb"
2167,2,"be"
2168,4,"gb"
2169,4,"ne"
2170,5,"be"
2171,1,"gb"
2172,5,"ge"
2173,2,"ne"
2174,3,"ne"
2175,3,"ne"
2176,1,"ge"
2177,5,"ne"
2178,3,"ge"
2179,1,"gb"
2180,5,"ne"
2181,4,"ne"
2182,3,"ne"
2183,5,"gb"
2184,5,"ge"
2185,1,"ge"
2186,1,"be"
2187,3,"ge"
2188,4,"ne"
2189,5,"ge"
2190,3,"ne"
2191,3,"ge"
2192,3,"ge"
2193,2,"be"
2194,3,"gb"
2195,3,"be"
2196,4,"gb"
2197,4,"be"
2198,4,"ne"
2199,5,"ne"
2200,2,"be"
2201,1,"gb"
2202,4,"ge"
2203,4,"gb"
2204,4,"ne"
2205,3,"gb"
2206,3,"gb"
2207,4,"ne"
2208,1,"be"
2209,2,"ne"
2210,5,"gb"
2211,2,"ge"
2212,2,"ne"
2213,2,"be"
2214,3,"gb"
2215,1,"ge"
2216,2,"be"
2217,3,"be"
2218,2,"gb"
2219,3,"ne"
2220,1,"be"
2221,1,"gb"
2222,4,"gb"
2223,1,"ge"
2224,5,"gb"
2225,3,"ne"
2226,1,"gb"
2227,3,"be"
2228,4,"gb"
2229,4,"ge"
2230,5,"gb"
2231,3,"be"
2232,4,"be"
2233,1,"gb"
2234,2,"ne"
2235,3,"be"
2236,1,"be"
2237,4,"gb"
2238,1,"be"
2239,1,"ne"
2240,1,"ge"
2241,2,"ge"
2242,1,"ne"
2243,1,"ne"
2244,4,"gb"
2245,4,"ge"
2246,4,"gb"
2247,1,"be"
2248,5,"gb"
2249,3,"ne"
2250,3,"ge"
2251,2,"gb"
2252,2,"ge"
2253,5,"be"
2254,1,"ne"
2255,3,"gb"
2256,5,"ne"
2257,4,"ne"
2258,4,"gb"
2259,5,"ne"
2260,5,"ge"
2261,5,"gb"
2262,2,"be"
2263,5,"ge"
2264,5,"ne"
2265,4,"be"
2266,1,"be"
2267,2,"gb"
2268,1,"gb"
2269,2,"ne"
2270,2,"be"
2271,2,"gb"
2272,2,"ne"
2273,3,"ne"
2274,4,"ne"
2275,3,"gb"
2276,2,"ne"
2277,2,"ge"
2278,5,"ge"
2279,3,"gb"
2280,5,"ne"
2281,5,"gb"
2282,2,"ne"
2283,3,"gb"
2284,3,"be"
2285,5,"gb"
2286,5,"gb"
2287,4,"be"
2288,2,"ge"
2289,5,"ne"
2290,2,"be"
2291,1,"ne"
2292,3,"gb"
2293,2,"gb"
2294,4,"ge"
2295,2,"ge"
2296,2,"be"
2297,1,"ge"
2298,5,"ge"
2299,3,"ge"
2300,2,"be"
2301,2,"gb"
2302,3,"ne"
2303,1,"ge"
2304,5,"gb"
2305,1,"be"
2306,1,"ne"
2307,1,"ge"
2308,2,"be"
2309,3,"be"
2310,1,"be"
2311,5,"ne"
2312,1,"ge"
2313,3,"gb"
2314,2,"ne"
2315,4,"ne"
2316,4,"ne"
2317,3,"be"
2318,4,"be"
2319,1,"gb"
2320,5,"be"
2321,4,"gb"
2322,5,"ne"
2323,2,"ge"
2324,4,"ge"
2325,5,"ge"
2326,4,"be"
2327,3,"ne"
2328,2,"ge"
2329,2,"be"
2330,1,"ge"
2331,4,"ge"
2332,1,"be"
2333,3,"be"
2334,5,"ne"
2335,2,"ne"
2336,1,"be"
2337,3,"be"
2338,3,"ne"
2339,5,"ne"
2340,2,"ge"
2341,1,"gb"
2342,2,"gb"
2343,4,"be"
2344,5,"gb"
2345,5,"be"
2346,3,"ne"
2347,3,"ne"
2348,1,"be"
2349,4,"gb"
2350,1,"gb"
2351,2,"be"
2352,5,"be"
2353,4,"ne"
2354,4,"ge"
2355,5,"ge"
2356,2,"ge"
2357,2,"be"
2358,5,"gb"
2359,5,"be"
2360,4,"ge"
2361,4,"gb"
2362,5,"ne"
2363,1,"ne"
2364,1,"gb"
2365,3,"be"
2366,2,"be"
2367,4,"be"
2368,5,"be"
2369,2,"ne"
2370,2,"ge"
2371,5,"gb"
2372,4,"ge"
2373,4,"gb"
2374,5,"be"
2375,3,"ne"
2376,1,"gb"
2377,2,"ne"
2378,1,"ne"
2379,2,"be"
2380,4,"ne"
2381,2,"gb"
2382,1,"be"
2383,2,"gb"
2384,1,"ne"
2385,5,"be"
2386,2,"be"
2387,2,"ne"
2388,3,"gb"
2389,3,"gb"
2390,4,"ge"
2391,2,"ne"
2392,2,"ge"
2393,5,"gb"
2394,4,"ne"
2395,5,"ge"
2396,5,"ge"
2397,4,"be"
2398,5,"be"
2399,2,"ge"
2400,4,"be"
2401,4,"ne"
2402,4,"gb"
2403,5,"gb"
2404,5,"ne"
2405,2,"ne"
2406,5,"be"
2407,4,"be"
2408,2,"be"
2409,4,"ge"
2410,4,"be"
2411,2,"ne"
2412,3,"ge"
2413,5,"gb"
2414,4,"gb"
2415,2,"gb"
2416,1,"gb"
2417,5,"ge"
2418,1,"gb"
2419,1,"be"
2420,4,"be"
2421,4,"gb"
2422,5,"ge"
2423,5,"gb"
2424,1,"gb"
2425,5,"gb"
2426,5,"ge"
2427,5,"ge"
2428,4,"ne"
2429,2,"gb"
2430,3,"ne"
2431,3,"ge"
2432,5,"ge"
2433,1,"be"
2434,2,"ge"
2435,2,"ne"
2436,3,"ne"
2437,5,"ne"
2438,2,"be"
2439,5,"ge"
2440,2,"be"
2441,4,"ge"
2442,5,"ne"
2443,1,"ge"
2444,1,"ne"
2445,4,"ne"
2446,2,"ge"
2447,3,"be"
2448,2,"ge"
2449,4,"ge"
2450,2,"ne"
2451,2,"gb"
2452,5,"ge"
2453,1,"ge"
2454,4,"be"
2455,3,"gb"
2456,2,"gb"
2457,3,"gb"
2458,1,"gb"
2459,2,"gb"
2460,4,"ge"
2461,1,"be"
2462,2,"gb"
2463,3,"gb"
2464,1,"gb"
2465,5,"ne"
2466,4,"gb"
2467,1,"ne"
2468,4,"ge"
2469,5,"gb"
2470,4,"ge"
2471,3,"ne"
2472,3,"ge"
2473,5,"ne"
2474,4,"be"
2475,5,"ne"
2476,5,"be"
2477,2,"be"
2478,4,"gb"
2479,4,"ge"
2480,3,"ne"
2481,4,"ne"
2482,3,"ne"
2483,5,"gb"
2484,3,"ne"
2485,3,"ge"
2486,1,"gb"
2487,4,"ne"
2488,1,"ge"
2489,1,"be"
2490,3,"ge"
2491,3,"gb"
2492,1,"be"
2493,2,"ne"
2494,1,"ge"
2495,1,"gb"
2496,3,"be"
2497,5,"ge"
2498,2,"gb"
2499,4,"ge"
2500,5,"gb"
2501,4,"be"
2502,4,"gb"
2503,3,"be"
2504,4,"be"
2505,1,"ge"
2506,5,"ge"
2507,4,"ne"
2508,2,"ne"
2509,3,"gb"
2510,2,"gb"
2511,4,"be"
2512,2,"gb"
2513,3,"gb"
2514,5,"ne"
2515,4,"be"
2516,3,"gb"
2517,1,"be"
2518,1,"gb"
2519,4,"be"
2520,3,"ne"
2521,1,"gb"
2522,2,"gb"
2523,3,"ge"
2524,3,"be"
2525,4,"ne"
2526,2,"gb"
2527,4,"ne"
2528,4,"ge"
2529,5,"be"
2530,5,"gb"
2531,3,"ge"
2532,5,"ge"
2533,2,"be"
2534,1,"ge"
2535,2,"gb"
2536,4,"ge"
2537,4,"be"
2538,4,"ne"
2539,5,"gb"
2540,5,"gb"
2541,2,"ne"
2542,4,"ne"
2543,2,"ge"
2544,5,"ne"
2545,3,"ne"
2546,3,"gb"
2547,1,"gb"
2548,5,"be"
2549,3,"ge"
2550,4,"gb"
2551,5,"be"
2552,1,"be"
2553,2,"be"
2554,2,"gb"
2555,1,"ge"
2556,1,"ne"
2557,3,"ge"
2558,2,"be"
2559,5,"ne"
2560,5,"ne"
2561,3,"be"
2562,4,"ge"
2563,1,"ge"
2564,1,"gb"
2565,3,"ge"
2566,4,"ne"
2567,5,"ne"
2568,5,"ne"
2569,5,"ne"
2570,5,"gb"
2571,3,"ge"
2572,3,"ge"
2573,4,"ne"
2574,4,"be"
2575,2,"gb"
2576,3,"ne"
2577,4,"gb"
2578,1,"ne"
2579,3,"gb"
2580,2,"be"
2581,1,"ge"
2582,4,"ne"
2583,4,"ge"
2584,2,"gb"
2585,4,"be"
2586,1,"ge"
2587,1,"ne"
2588,1,"be"
2589,5,"gb"
2590,1,"ge"
2591,5,"ge"
2592,1,"ge"
2593,3,"ge"
2594,3,"gb"
2595,2,"be"
2596,4,"be"
2597,3,"be"
2598,4,"gb"
2599,1,"ne"
2600,5,"ge"
2601,3,"be"
2602,4,"ge"
2603,1,"ne"
2604,3,"gb"
2605,2,"be"
2606,5,"gb"
2607,5,"ne"
2608,4,"gb"
2609,4,"ne"
2610,5,"gb"
2611,3,"ge"
2612,5,"be"
2613,5,"gb"
2614,2,"be"
2615,4,"ge"
2616,1,"be"
2617,4,"ne"
2618,3,"be"
2619,4,"ge"
2620,3,"ge"
2621,2,"ne"
2622,3,"gb"
2623,2,"ge"
2624,4,"be"
2625,1,"gb"
2626,5,"ge"
2627,5,"gb"
2628,3,"gb"
2629,3,"be"
2630,1,"ne"
2631,3,"ge"
2632,2,"gb"
2633,1,"gb"
2634,2,"gb"
2635,5,"ne"
2636,1,"ne"
2637,1,"ne"
2638,4,"ne"
2639,1,"ge"
2640,4,"ne"
2641,2,"be"
2642,1,"ge"
2643,5,"ge"
2644,3,"gb"
2645,3,"ge"
2646,3,"ge"
2647,1,"ne"
2648,3,"ne"
2649,2,"gb"
2650,2,"ge"
2651,4,"gb"
2652,4,"ge"
2653,2,"ne"
2654,4,"gb"
2655,5,"gb"
2656,5,"ne"
2657,1,"be"
2658,4,"ge"
2659,3,"be"
2660,4,"ge"
2661,2,"ne"
2662,2,"be"
2663,2,"gb"
2664,4,"gb"
2665,4,"ne"
2666,2,"gb"
2667,3,"be"
2668,5,"ge"
2669,5,"ne"
2670,1,"gb"
2671,5,"ge"
2672,1,"ne"
2673,1,"ge"
2674,1,"be"
2675,4,"be"
2676,3,"be"
2677,3,"be"
2678,1,"be"
2679,3,"be"
2680,5,"ge"
2681,1,"ge"
2682,1,"gb"
2683,5,"ge"
2684,2,"ge"
2685,4,"ne"
2686,5,"ne"
2687,4,"be"
2688,4,"ge"
2689,5,"ne"
2690,1,"ne"
2691,2,"gb"
2692,3,"ge"
2693,4,"gb"
2694,2,"be"
2695,3,"ge"
2696,2,"be"
2697,3,"gb"
2698,5,"ne"
2699,2,"be"
2700,2,"ge"
2701,2,"gb"
2702,5,"gb"
2703,5,"gb"
2704,5,"ge"
2705,4,"be"
2706,1,"ne"
2707,2,"ne"
2708,2,"be"
2709,4,"gb"
2710,1,"gb"
2711,2,"be"
2712,2,"be"
2713,4,"be"
2714,1,"gb"
2715,3,"ne"
2716,5,"be"
2717,1,"gb"
2718,3,"be"
2719,5,"be"
2720,1,"ge"
2721,4,"gb"
2722,5,"gb"
2723,3,"gb"
2724,1,"gb"
2725,2,"ge"
2726,2,"gb"
2727,4,"ge"
2728,4,"ge"
2729,4,"ne"
2730,4,"gb"
2731,5,"be"
2732,5,"gb"
2733,3,"ge"
2734,3,"be"
2735,1,"be"
2736,5,"gb"
2737,2,"ge"
2738,3,"gb"
2739,1,"gb"
2740,4,"ne"
2741,1,"ge"
2742,2,"be"
2743,2,"ge"
2744,4,"gb"
2745,3,"be"
2746,4,"ne"
2747,3,"ge"
2748,4,"gb"
2749,3,"ge"
2750,5,"ne"
2751,5,"be"
2752,2,"gb"
2753,4,"ne"
2754,1,"ge"
2755,1,"ge"
2756,2,"gb"
2757,1,"ge"
2758,5,"be"
2759,3,"be"
2760,3,"be"
2761,1,"be"
2762,4,"be"
2763,3,"ne"
2764,5,"ne"
2765,1,"ge"
2766,1,"ne"
2767,1,"gb"
2768,1,"gb"
2769,3,"be"
2770,2,"be"
2771,1,"be"
2772,3,"ge"
2773,1,"gb"
2774,5,"be"
2775,2,"ne"
2776,4,"ne"
2777,3,"be"
2778,4,"ge"
2779,4,"ge"
2780,4,"gb"
2781,2,"be"
2782,1,"gb"
2783,2,"ge"
2784,2,"ge"
2785,4,"gb"
2786,4,"ge"
2787,2,"be"
2788,2,"ne"
2789,1,"gb"
2790,3,"be"
2791,2,"ge"
2792,2,"be"
2793,5,"ge"
2794,4,"gb"
2795,2,"ge"
2796,4,"gb"
2797,1,"ge"
2798,5,"gb"
2799,3,"gb"
2800,2,"be"
2801,3,"gb"
2802,5,"ge"
2803,3,"ne"
2804,3,"be"
2805,3,"gb"
2806,3,"ne"
2807,3,"be"
2808,2,"gb"
2809,2,"ge"
2810,3,"ne"
2811,2,"ge"
2812,2,"be"
2813,5,"ne"
2814,2,"be"
2815,5,"gb"
2816,2,"gb"
2817,3,"gb"
2818,1,"gb"
2819,1,"be"
2820,3,"be"
2821,3,"ge"
2822,3,"be"
2823,5,"ne"
2824,3,"ge"
2825,4,"gb"
2826,3,"ne"
2827,5,"ge"
2828,5,"ge"
2829,5,"ge"
2830,4,"be"
2831,5,"ne"
2832,2,"gb"
2833,1,"ne"
2834,2,"gb"
2835,3,"be"
2836,4,"ne"
2837,5,"be"
2838,2,"ne"
2839,1,"gb"
2840,4,"ge"
2841,1,"ne"
2842,3,"gb"
2843,4,"ge"
2844,5,"ge"
2845,2,"gb"
2846,4,"be"
2847,2,"ge"
2848,4,"ne"
2849,2,"ne"
2850,4,"gb"
2851,1,"be"
2852,3,"gb"
2853,3,"ge"
2854,2,"gb"
2855,2,"ge"
2856,1,"be"
2857,1,"be"
2858,2,"gb"
2859,4,"gb"
2860,1,"be"
2861,3,"gb"
2862,3,"ge"
2863,1,"ge"
2864,4,"be"
2865,3,"gb"
2866,4,"ne"
2867,2,"be"
2868,1,"ge"
2869,3,"ge"
2870,5,"gb"
2871,1,"ne"
2872,2,"ge"
2873,5,"be"
2874,5,"ne"
2875,1,"ne"
2876,2,"be"
2877,4,"ne"
2878,5,"ne"
2879,2,"ge"
2880,2,"be"
2881,3,"ne"
2882,5,"be"
2883,4,"be"
2884,2,"be"
2885,2,"ge"
2886,5,"ge"
2887,5,"be"
2888,2,"ne"
2889,4,"gb"
2890,3,"ne"
2891,2,"be"
2892,5,"ge"
2893,5,"be"
2894,4,"gb"
2895,3,"ne"
2896,1,"ge"
2897,1,"ne"
2898,5,"ge"
2899,1,"ge"
2900,2,"ne"
2901,2,"ne"
2902,3,"ge"
2903,5,"be"
2904,4,"ne"
2905,1,"ne"
2906,2,"gb"
2907,3,"ge"
2908,3,"ge"
2909,5,"ge"
2910,5,"ne"
2911,3,"ne"
2912,4,"ne"
2913,2,"ne"
2914,5,"ge"
2915,2,"ne"
2916,5,"be"
2917,3,"gb"
2918,1,"be"
2919,1,"be"
2920,3,"ge"
2921,3,"be"
2922,2,"ge"
2923,5,"ge"
2924,1,"gb"
2925,5,"gb"
2926,4,"be"
2927,5,"gb"
2928,2,"be"
2929,3,"ge"
2930,5,"ne"
2931,2,"gb"
2932,4,"ne"
2933,1,"ne"
2934,2,"be"
2935,1,"be"
2936,2,"gb"
2937,4,"ge"
2938,5,"gb"
2939,1,"be"
2940,5,"ne"
2941,2,"ge"
2942,2,"be"
2943,1,"gb"
2944,3,"ge"
2945,1,"gb"
2946,4,"be"
2947,3,"ge"
2948,1,"ne"
2949,5,"be"
2950,3,"ne"
2951,4,"ne"
2952,4,"gb"
2953,1,"ne"
2954,4,"be"
2955,5,"ge"
2956,5,"gb"
2957,4,"ne"
2958,1,"ne"
2959,2,"ge"
2960,2,"gb"
2961,4,"gb"
2962,4,"ne"
2963,1,"ne"
2964,5,"gb"
2965,3,"be"
2966,3,"ge"
2967,5,"ge"
2968,3,"gb"
2969,1,"ne"
2970,2,"ge"
2971,2,"ne"
2972,4,"gb"
2973,3,"ge"
2974,4,"ne"
2975,2,"ge"
2976,3,"be"
2977,5,"gb"
2978,3,"ne"
2979,4,"gb"
2980,1,"ge"
2981,5,"ge"
2982,1,"be"
2983,5,"ge"
2984,1,"be"
2985,2,"ne"
2986,5,"ge"
2987,4,"ne"
2988,2,"ge"
2989,5,"be"
2990,3,"be"
2991,3,"be"
2992,2,"be"
2993,2,"ne"
2994,2,"gb"
2995,4,"gb"
2996,5,"gb"
2997,5,"ne"
2998,2,"be"
2999,3,"ge"